{"cameraMode":{"drawMode":0,"name":"Shaded","section":"Shading Mode"},"sceneLighting":true,"audioPlay":false,"sceneViewState":{"showFog":true,"showMaterialUpdate":true,"showSkybox":false,"showFlares":true,"showImageEffects":true,"showParticleSystems":true},"in2DMode":false,"pivot":{"x":2.742000102996826,"y":-0.011000007390975953,"z":-0.8759999871253967},"rotation":{"x":-0.0054863919503986839,"y":0.958124577999115,"z":-0.28571784496307375,"w":-0.018397074192762376},"size":0.15957632660865785,"orthographic":false}